รายวิชาเพิ่มเติม ม.4  2/2568,,"  หมายเหตุ :  1.  นักเรียนต้องอ่านเงื่อนไขของบางรายวิชาให้ชัดเจน และห้ามลงทะเบียนเรียนซ้ำในรายวิชาที่เคยเรียนมาแล้วในช่วง ม.4-6
                       2.  ตัวอักษรและตัวเลขที่แสดงในวงเล็บ เป็นวันและคาบเรียนในช่วงที่ใช้ตารางคาบ 0 , 9  (วันที่ 6 ต.ค. 68 - 27 พ.ย. 68) ",,,,,,,,,,,,,,,,,,,,,,,,,,
รหัสวิชา,ชื่อรายวิชา,นก.,คาบ/สัปดาห์,คำแนะนำรายวิชา,อ.ผู้สอน,กลุ่ม / ตอนเรียน,กลุ่มการเรียนที่ลงทะเบียนได้,จำนวนรับ,เงื่อนไขรายวิชา,จันทร์,,,,,อังคาร,,,พุธ,,พฤหัสบดี,,,,,ศุกร์,,,
,,,,,,,,,,1,2,3,4,6,6 (พฤ9),7 (พ8),8 (พ9),1 (พ0),2 (พ1),3,4,6,7,8,1,2,7,8
,,,,,,,,,,ว ศ,ว ศ,ว,ว,ว ศ,ว ศ,ว ศ,ว ศ,ว ศ,ว ศ,ว ศ,ว ศ,ว,ว ศ,ว ศ,ว ศ,ว ศ,ว ศ,ว ศ
"กลุ่มสาระการการเรียนรู้วิทยาศาสตร์
และเทคโนโลยี",,,,,,,,,,,,,,,,,,,,,,,,,,,,
ว30211,ฟิสิกส์ 1,1.5,3,"ศึกษา ทดลอง หรือสืบค้นข้อมูลเกี่ยวกับบทนําการเคลื่อนที่
แนวตรง แรง มวลและกฎการ เคลื่อนที่ และสภาพสมดุลกล 
โดยสามารถใช้เตรียมความพร้อมเพื่อการสอบเข้ามหาวิทยาลัย",อ.วรรณา,1,วิทย์-คณิต,30,,,,,,,,,,✔,✔,,,✔,,,,,,
,,,,,อ.โกเมศ,2,วิทย์-คณิต,30,,,,,,,,,,✔,✔,,,✔,,,,,,
,,,,,อ.วรรณา,3,วิทย์-คณิต,30,,,,,✔,,,,,,,,,,✔,✔,,,,
,,,,,อ.โกเมศ,4,วิทย์-คณิต,30,,,,,✔,,,,,,,,,,,,,,✔,✔
,,,,,อ.วรรณา,5,วิทย์-คณิต,30,,,,,,,,,,,,✔,,,,,,,✔,✔
ว31282,CUD-EP ฟิสิกส์ 1,1.5,3,"ศีกษา ทดลอง หรือสืบค้นข้อมูลเกี่ยวกับบทนําการเคลื่อนที่
แนวตรง แรง มวลและกฎการ เคลื่อนที่ และสภาพสมดุลกล 
โดยสามารถใช้เตรียมความพร้อมเพื่อการสอบเข้ามหาวิทยาลัย","T.Marko / 
อ.น้ำฝน",1,EP,2,เฉพาะนักเรียนโครงการ EP,✔,✔,,,,,,,,,,✔,,,,,,,
ว30232,เคมี 2,2,4,"ศึกษา ทดลอง เกี่ยวกับปริมาณสารสัมพันธ์ โมลและปริมาณต่อโมล สารละลาย ความเข้มข้นของสารละลายและ
สมบัติบางประการของสารละลาย สูตรอย่างง่าย สูตรโมเลกุล กฎทรงมวล กฎสัดส่วนคงที่ กฎของเกย์ ลูสแซค และ
ความสัมพันธ์ของปริมาณสารในปฏิกิริยาเคมี",อ.ธาริณี,1,วิทย์-คณิต,33,,,,,,,,✔,✔,,,,,,,,✔,✔,,
,,,,,อ.รัฏฏิกา,2,วิทย์-คณิต,33,,,,,,✔,✔,,,,,,,,,,✔,✔,,
,,,,,อ.ดร.ณัฐธยาน์,3,วิทย์-คณิต,33,,,,✔,,,,,,✔,✔,✔,,,,,,,,
,,,,,อ.วรุตม์,4,วิทย์-คณิต,33,,,,✔,,,,,,✔,✔,,,✔,,,,,,
ว31298,CUD-EP เคมี 2,2,4,"ศึกษา ทดลอง เกี่ยวกับปริมาณสารสัมพันธ์ โมลและปริมาณต่อโมล สารละลาย ความเข้มข้นของสารละลายและ
สมบัติบางประการของสารละลาย สูตรอย่างง่าย สูตรโมเลกุล 
กฎทรงมวล กฎสัดส่วนคงที่ กฎของเกย์ ลูสแซค 
และความสัมพันธ์ของปริมาณสารในปฏิกิริยาเคมี","T.Bakang / 
อ.วรุตม์",1,วิทย์-คณิต,2,เฉพาะนักเรียนโครงการ EP,,,,✔,,✔,,,,,,,,,,✔,✔,,
ว31239,เทคนิคปฏิบัติการเคมี,1,2,การทดลองใช้อุปกรณ์ เครื่องมือ และสารเคมีในการทำปฏิบัติการเคมีโดยตระหนักถึงความปลอดภัยทางเคมี และเคมีสีเขียว (Green Chemistry) การทำปฏิบัติการเคมีย่อส่วน (Microscale) การทำสารให้บริสุทธิ์ การเตรียมแก๊ส อิเล็กโทรลิซิส การสร้างอุปกรณ์ทางเคมีพื้นฐานอย่างง่าย และการทัศนศึกษาห้องปฏิบัติการทางเคมี,อ.พรพรหม,1,วิทย์-คณิต,25,,,,,,,,,,,,,,,✔,✔,,,,
ว31251,ชีววิทยา 1,1.5,3,"ศึกษาเรื่อง การศึกษาทางชีววิทยา การแบ่ง เซลล์ 
สารชีวโมเลกุล และความหลากหลาย ทางชีวภาพ 
เพื่อนําความรู้ไปใช้ประโยชน์ใน ชีวิตประจําวัน",อ.ดร.พิธุลาวัณย์,1,วิทย์-คณิต,30,,,,,,,,,,,,✔,,,,,,,✔,✔
,,,,,อ.พิชนก,2,วิทย์-คณิต,30,,,,,,,,✔,✔,,,✔,,,,,,,,
,,,,,อ.สายสวาท,3,วิทย์-คณิต,30,,,,,,,,,,,,,,✔,,,✔,✔,,
,,,,,อ.ศุจิกา,4,วิทย์-คณิต,30,,,,,,✔,,,,,,,,,,,✔,✔,,
,,,,,อ.สายสวาท,5,วิทย์-คณิต,30,,,,,,✔,,,,✔,✔,,,,,,,,,
ว31296,CUD - EP ชีววิทยา 1,1.5,3,"ศึกษาเรื่อง การศึกษาทางชีววิทยา การแบ่ง เซลล์ 
สารชีวโมเลกุล และความหลากหลาย ทางชีวภาพ 
เพื่อนําความรู้ไปใช้ประโยชน์ใน ชีวิตประจําวัน","T.Katherine / 
อ.ศุจิกา",1,วิทย์-คณิต,2,,,,✔,,,,,,✔,✔,,,,,,,,,
ว31260,โลกล้านปีธรณีวิทยา,1.5,3,"ศึกษาการกำเนิดของโลก กระบวนการเปลี่ยนแปลงทางธรณีวิทยาและภูมิอากาศของโลกจากอดีตจนถึงปัจจุบัน 
การลำดับชั้นหิน อายุทางธรณีวิทยา ซากดึกดำบรรพ์ มาตราธรณีกาล การเปลี่ยนลักษณะของชั้นหิน รอยเลื่อน รอยโค้ง ทรัพยากรธรณี แร่ หินอัคนี หินตะกอน หินแปร ปิโตรเลียมและถ่านหิน แผนที่ธรณีวิทยาวิเคราะห์ ทดลอง และการเยี่ยมชมพิพิธภัณฑ์ทางธรณีวิทยา",อ.วิทยา,1,วิทย์-คณิต,35,,,,,,✔,,,,,,,,,,,,,✔,✔
ว31261,ดาราพาเพลิน,1,2,ฝึกการสังเกตการณ์ทางดาราศาสตร์ผ่านการใช้งานกล้องโทรทรรศน์ชนิดต่าง ๆ และฝึกการดูดาวด้วยตาเปล่า สืบค้นและระบุตำแหน่งวัตถุท้องฟ้า ใช้โปรแกรมท้องฟ้าจำลองเพื่ออธิบายการเกิดปรากฏการณ์ทางดาราศาสตร์ที่น่าสนใจ ชมวัตถุในห้วงอวกาศและเรื่องเล่าเกี่ยวกับกลุ่มดาวบนท้องฟ้าตามความเชื่อแบบสากลและไทย ประพันธ์บท/บทเพลงที่เกี่ยวกับวัตถุท้องฟ้า และติดตามความก้าวหน้าการค้นพบทางอวกาศ,อ.ปริญ์วัฒน์,1,วิทย์-คณิต,35,,,,✔,✔,,,,,,,,,,,,,,,
,,,,,อ.ปริญ์วัฒน์,2,วิทย์-คณิต,35,,,,,,,,,,,,,,,✔,✔,,,,
ว30291,ภารกิจพิชิตอวกาศ 1,1,2,ศึกษาความเป็นมาของเทคโนโลยีอวกาศ ประเภทของดาวเทียม ส่วนประกอบของ ดาวเทียม องค์ประกอบวงโคจรของดาวเทียม ฐานข้อมูลดาวเทียม การใช้ประโยชน์จากเทคโนโลยีดาวเทียม การประดิษฐ์ดาวเทียมจําลอง และการประดิษฐ์จรวดนําส่งดาวเทียมจําลอง,อ.ปิยาภรณ์,1,วิทย์-คณิต,25,,,,,,,,✔,✔,,,,,,,,,,,
ว30201,โครงงาน STEM 1,1,2,"ศึกษาความรู้เกี่ยวกับธรรมชาติและแก้ปัญหาที่ เกิดขึ้นในชีวิตประจําวันผ่านการบูรณาการ ความรู้ข้ามกลุ่มสาระวิชาระหว่างสาขา วิทยาศาสตร์ (Science: S) เทคโนโลยี (Technology: T) วิศวกรรมศาสตร์ (Engineering: E) และคณิตศาสตร์ (Mathematic: M) การกําหนดประเด็นปัญหาที่ สนใจเพื่อ
นําเสนอในรูปแบบโครงงานวิทยาศาสตร์","อ.โกเมศ / 
อ.รัฏฏิกา / 
อ.ศุจิกา",1,วิทย์-คณิต,25,,,,,,,,,,,,,,,✔,✔,,,,
ว30282,กิจกรรมชีววิทยา 2,1,2,ศึกษา สืบค้นข้อมูล ปฏิบัติการกิจกรรมชีววิทยาและปฏิบัติการด้วยความปลอดภัย สามารถใช้อุปกรณ์พื้นฐานในห้องปฏิบัติการชีววิทยา  ใช้กล้องจุลทรรศน์ศึกษาเซลล์ต่างๆ เก็บตัวอย่างพืชและสัตว์วาดภาพทางชีววิทยาที่แสดงจุดที่สําคัญได้ศึกษาโครงสร้างร่างกายของสิ่งมีชีวิต หมักแอลกอฮอล์และตรวจสอบความเข้มข้นของเอทานอลได้ รวมทั้งการทัศนศึกษาทางชีววิทยาที่เหมาะสม,อ.พิชนก,1,วิทย์-คณิต,25,,,,,,,,,,,,,,,,,,,✔,✔
ว30270,พื้นฐานการเขียนโปรแกรมภาษาซี,1,2,"ศึกษาปฏิบัติเกี่ยวกับหลักการเขียนโปรแกรม วิธีออกแบบและพัฒนาโปรแกรมคอมพิวเตอร์ พื้นฐานทางเทคโนโลยีและวิศวกรรม การเขียนผังงาน (Flowchart) ไวยากรณ์ของภาษาซี (C) โครงสร้างของข้อมูลและตัวแปร การดําเนินการทางคณิตศาสตร์และตรรกศาสตร์ งานฟังก์ชั่น การออกแบบ
อัลกอริทึม โปรแกรมควบคุมไมโครคอลโทลเลอร์ (Arduino)  และโครงงานสิ่งประดิษฐ์ควบคุมด้วยโปรแกรมคอมพิวเตอร์",อ.อมรินทร์,1,วิทย์-คณิต,8,"นักเรียนที่เคยลงวิชา ว31270
พื้นฐานการเขียนโปรแกรมภาษาซี ม.4 
ไม่สามารถลงทะเบียนซ้ำได้",,,,,,,,,,,,,,✔,✔,,,,
ว31280,"CUD-EP การออกแบบ
เชิงวิศกรรม",1,2,"The Engineering Design course is a dynamic, project-based STEM class designed to introduce students to the fundamental principles, practices, and mindsets of engineering. Using the recognized curriculum from TeachEngineering.org, students will explore how engineers solve real-world problems by integrating science, mathematics, and technology with creativity, collaboration, and the iterative design process.",T.Marko,1,วิทย์-คณิต,20,"เรียนเป็น
ภาษาอังกฤษ",,,,,,,,,,,,,,,,✔,✔,,
ว31287,CUD-EP สำรวจท้องฟ้า,1,2,"Study the area of the positioning in geographic coordinate system, the positioning in horizontal coordinate system, relationship between the angular distance of the Earth's rotation and time, explain about the apparent path of the Sun and the stars, the apparent solar time by using scientific process.",T.Marko,1,ทุกกลุ่ม,30,"เรียนเป็น
ภาษาอังกฤษ",,,,,,,,,✔,✔,,,,,,,,,
ว31285,CUD-EP โยคะเพื่อสุขภาวะที่ดี,0.5,1,"This elective introduces students to the ancient Indian disciplines of Yoga and Pranayama. This course will help cultivate physical fitness, mental clarity, emotional stability, and connection to self. Using a blend of classroom instructions and guided practice, students will explore the foundations of yogic philosophy, will learn and practice various asanas, and they will learn the science and practice of breath regulation.",T.Katherine,1,ทุกกลุ่ม,15,รับเฉพาะนักเรียนหญิงเท่านั้นและเรียนเป็นภาษาอังกฤษ,,,,,,✔,,,,,,,,,,,,,
กลุ่มสาระการการเรียนรู้คณิตศาสตร์,,,,,,,,,,,,,,,,,,,,,,,,,,,,
ค31232,คณิตศาสตร์เพิ่มเติม 8,1.5,3,"เรขาคณิตวิเคราะห์เกี่ยวกับจุดและเส้นตรง ภาคตัดกรวย ได้แก่ วงกลม พาราโบลา วงรี และไฮเพอร์โบลา โดเมนและเรนจ์
ของฟังก์ชัน กราฟของฟังก์ชัน ชนิดของฟังก์ชัน พีชคณิต
ของฟังก์ชัน ฟังก์ชันประกอบ ฟังก์ชันผกผัน",อ.ธนพัฒน์,1,ทุกกลุ่ม,28,,✔,✔,,,,,,,,,,✔,,,,,,,
,,,,,ผศ.กฤติญา,2,ทุกกลุ่ม,28,,✔,✔,,,,,,,,,,✔,,,,,,,
,,,,,อ.ไพโรจน์,3,ทุกกลุ่ม,28,,✔,✔,,,,,,,,,,✔,,,,,,,
,,,,,อ.ดร.ณภาภัช,4,ทุกกลุ่ม,28,,✔,✔,,,,,,,,,,✔,,,,,,,
,,,,,อ.วิมลมาศ,5,ทุกกลุ่ม,28,,✔,✔,,,,,,,,,,✔,,,,,,,
,,,,,อ.มารุต,6,ทุกกลุ่ม,28,,✔,✔,,,,,,,,,,✔,,,,,,,
ค31252,"CUD-EP คณิตศาสตร์
เพิ่มเติม 8",1.5,3,"เรขาคณิตวิเคราะห์เกี่ยวกับจุดและเส้นตรง ภาคตัดกรวย ได้แก่ วงกลม พาราโบลา วงรี และไฮเพอร์โบลา โดเมนและเรนจ์
ของฟังก์ชัน กราฟของฟังก์ชัน ชนิดของฟังก์ชัน พีชคณิต
ของฟังก์ชัน ฟังก์ชันประกอบ ฟังก์ชันผกผัน","T.Ming / 
อ.มารุต",1,EP,2,,,,,,,,,,,,✔,,,,,,,✔,✔
ค30214,เสริมทักษะคณิตศาสตร์,0.5,1,ฝึกฝนทักษะ กระบวนการทางคณิตศาสตร์สำหรับนักเรียนระดับมัธยมศึกษาตอนปลาย,อ.ดร.กุลนิดา,1,ทุกกลุ่ม,10,,,,,,,,,,,,,,,,✔,,,,
ค31242,ออกแบบวิจัยวางแผนอย่างมืออาชีพ,0.5,1,การออกแบบงานวิจัยอย่างเป็นระบบทั้งการวิจัยเชิงปริมาณและเชิงคุณภาพ เรียนรู้การเลือกวิธีการเก็บข้อมูลที่เหมาะสม เช่น การสร้างแบบสอบถาม การออกแบบการสัมภาษณ์ หรือการวางแผนการทดลอง เพื่อให้มั่นใจว่าข้อมูลที่ได้มานั้นถูกต้องและครบถ้วน,"อ.ดร.กรวรรณ / 
อ.ดร.ภัทรภร",1,ทุกกลุ่ม,8,,,,,,,,,,,,,,,✔,,,,,
ค31214,คณิตศาสตร์เพื่อการสอบ SAT/CU-AAT,1,2,"พัฒนาทักษะการวิเคราะห์โจทย์ปัญหาคณิตศาสตร์ 
ผ่านการลงมือทำโจทย์เพื่อสร้างความคุ้นเคยกับแนวข้อสอบ SAT maths modules เพื่อให้สามารถทำชุดข้อสอบได้
อย่างมีประสิทธิภาพ","อ.ดร.ชินะ / 
อ.ธนิฏฐา / 
อ.กิตติธัช  / 
อ.ดร.เชษฐ์ / 
อ.เกรียงไกร",1,ทุกกลุ่ม,30,,,,,,,,,,,,,,,,,,,✔,✔
ค30252,CUD-EP คณิตศาสตร์การพยากรณ์,1,2,"Explore the ancient Chinese classic, the I Ching (I-Ching) — not just as a book of divination, but as a mathematical and philosophical system rooted in binary logic, probability, and pattern recognition . This course introduces students to the 8 trigrams, 64 hexagrams, and the method of casting readings using coins , while exploring connections to Feng Shui, decision-making, and real-world applications .",T.Jun-Jun,1,ทุกกลุ่ม,8,"เรียนเป็น
ภาษาอังกฤษ",,,,,,,,,,,,,,✔,✔,,,,
กลุ่มสาระการการเรียนรู้ภาษาไทย,,,,,,,,,,,,,,,,,,,,,,,,,,,,
ท31216,สรรภาษาวาที,1,2,"พัฒนาทักษะการใช้ภาษาผ่านการพูด ดูและฟัง เพื่อให้ผู้เรียนเกิดทักษะการพูดในโอกาสต่าง ๆ หลักการพูดสนทนากับบุคคลต่าง ๆ  เพื่อให้เกิดปฏิสัมพันธ์ที่ดีต่อคู่สนทนา รวมถึงการพูดเพื่อสร้างอาชีพ เทคนิคการพูดโน้มน้าวใจ การพูดโฆษณาสินค้า ผ่านการใช้สื่อสังคมออนไลน์ เพื่อสร้างความตระหนักถึง
ความสำคัญของการพูด มีศิลปะในการพูดสื่อสาร สามารถพูดวิเคราะห์วิจารณ์และแสดงความคิดเห็นอย่างมีเหตุผล",อ.อนุรักษ์,1,ทุกกลุ่ม,35,,,,,,,,,,,,,,,,,✔,✔,,
"กลุ่มสาระการการเรียนรู้สังคมศึกษา
ศาสนาและวัฒนธรรม",,,,,,,,,,,,,,,,,,,,,,,,,,,,
ส31239,ประวัติศาสตร์กับการรับรู้ความรู้สึก,1,2,ศึกษาการรับรู้และความเข้าใจต่อเหตุการณ์ทางประวัติศาสตร์จากมุมมอง ความแตกต่างของประสบการณ์ อารมณ์และแรงจูงใจของบุคคล ผู้คน วัฒนธรรมและรากเหง้าทางประวัติศาสตร์ในช่วงเวลาสำคัญทางประวัติศาสตร์,อ.พลอยสิริ,1,ทุกกลุ่ม,35,,,,,,,,,,,,,,,✔,✔,,,,
ส31233,มนุษย์กับสันติภาพ,1,2,"ศึกษาความเชื่อและค่านิยมที่สำคัญ ความขัดแย้งที่เกิดขึ้น ศึกษากรณีตัวอย่าง บทเรียนความขัดแย้งในภูมิภาคต่าง ๆ 
ของไทยและโลก ความหมายและความสำคัญของสันติภาพ 
ตลอดจนองค์กรความร่วมมือเพื่อสันติภาพโลกและการแสวงหาสันติภาพในโลกปัจจุบัน สิทธิมนุษยชน ปฏิญญาสากลว่าด้วยสิทธิมนุษยชน การคุ้มครองปกป้องตนเองและผู้อื่นตามหลักสิทธิมนุษยชน และสถานการณ์ในประเทศไทย",อ.อภิรดี,1,ทุกกลุ่ม,35,,,,,,,,✔,✔,,,,,,,,,,,
ส31235,เรียนรู้เพื่ออยู่ร่วมกัน,0.5,1,ศึกษาความแตกต่างและอัตลักษณ์ของบุคคลในมิติทางสังคม การปฏิสัมพันธ์และการอาศัยอยู่ร่วมกันของคนในสังคม ประเด็นปัญหาความขัดแย้ง การแบ่งแยก และการเลือกปฏิบัติที่เกิดจากความแตกต่างระหว่างบุคคล การรู้เท่าทัน การนิยามอัตลักษณ์ของบุคคล การจัดการกับปัญหาทางสังคม ตลอดจนการมีปฏิสัมพันธ์กับบุคคลในในโลกดิจิทัลและโลกเสมือนจริง  อย่างชาญฉลาด,อ.บุญฤทธิ์,1,ทุกกลุ่ม,35,,,,,,,✔,,,,,,,,,,,,,
ส31236,สื่อและสังคมในโลกาภิวัฒน์,0.5,1,"ศึกษาสื่อดิจิทัลที่ใช้ในปัจจุบัน ประเภทของสื่อดิจิทัล การเข้าถึงสื่อดิจิทัล การสื่อสารในยุคดิจิทัล การเข้าใจจุดมุ่งหมายและ
ค่านิยมแอบแฝงในสื่อดิจิทัล สิทธิและความรับผิดชอบ การใช้ประโยชน์จากสื่อดิจิทัลอย่างเหมาะสมและปลอดภัย แนวโน้มเทคโนโลยีดิจิทัลในอนาคต กฎหมายที่เกี่ยวข้องกับการใช้ดิจิทัล ปัญหาการใช้สื่อดิจิทัลในปัจุบัน การกลั่นแกล้งบนโลกไซเบอร์ และแนวทางการปฏิบัติตนในโลกยุคดิจิทัลอย่างเหมาะสม",อ.พงษ์ภัค,1,ทุกกลุ่ม,35,,,,,,✔,,,,,,,,,,,,,,
ส31250,ดิน  น้ำ  ลม  ไฟ,0.5,1,"ศึกษาภูมิลักษณ์ ภูมิอากาศ ทรัพยากรธรรมชาติ กระบวนการเปลี่ยนแปลงทางธรณีภาค บรรกาศภาค อุทกภาคและชีวภาพ
ที่มีผลต่อกิจกรรมของมนุษย์",อ.วิทวัส,1,ทุกกลุ่ม,35,,,,,,,,,,,,✔,,,,,,,,
ส31237,พฤติกรรมผู้บริโภคและผู้ประกอบการ,1,2,"ศึกษาเกี่ยวกับพฤติกรรมของผู้บริโภคในการตัดสินใจ
เลือกซื้อ ใช้ และประเมินผลการใช้สินค้าหรือบริการของผู้ซื้อ ทั้งที่เป็นปัจเจกบุคคลและกลุ่มบุคคล ปัจจัยที่มีผลต่อการเลือกซื้อสินค้าของผู้บริโภค วาระแอบแฝงที่ซ่อนอยู่ในสื่อโฆษณา
ในชีวิตประจำวัน หลักการและธรรมชาติของสื่อโฆษณาต่าง ๆ แนวโน้มของการเปลี่ยนแปลงโมเดลธุรกิจในอนาคต",อ.วิทวัส,1,ทุกกลุ่ม,35,,,,✔,✔,,,,,,,,,,,,,,,
ส31249,มองสังคมผ่านฟิล์ม,1,2,ศึกษาและวิเคราะห์ภาพยนตร์ในฐานะสื่อสากลที่นำเสนอประเด็นทางสังคม เหตุการณ์สำคัญที่เกิดขึ้นในภูมิภาคต่าง ๆ ของโลก ทั้งด้านความสัมพันธ์ของครอบครัว การเปลี่ยนแปลงทางการเมืองการปกครอง เศรษฐกิจ สังคมและวัฒนธรรม และบทบาทหน้าที่ของสื่อที่มีต่อสังคม,อ.พลอยสิริ,1,ทุกกลุ่ม,35,,✔,✔,,,,,,,,,,,,,,,,,
ส31248,การเดินทางของสินค้า,0.5,1,"ศึกษาความสัมพันธ์ระหว่างกิจกรรมทางเศรษฐกิจของมนุษย์กับปัจจัยด้านสิ่งแวดล้อมทางธรรมชาติ การผลิตขั้นปฐมภูมิ ทุติยภูมิ ปัจจัยที่มีผลต่อการผลิต แหล่งผลิตสินค้าที่สำคัญของโลกและของประเทศไทย กิจกรรมขั้นตติยภูมิ การขนส่งสินค้า
สู่ตลาด ",อ.พลอยสิริ,1,ทุกกลุ่ม,35,,,,,,,✔,,,,,,,,,,,,,
ส31247,การบริหารเงินด้วยตนเอง,1,2,"ศึกษาความรู้เบื้องต้นเกี่ยวกับการวางแผนทางการเงิน 
การกำหนดเป้าหมายทางการเงิน ขั้นตอนการวางแผนทาง
การเงิน การจัดงบดุลส่วนบุคคล การรู้จักใช้จ่าย บริหารเงินตามช่วงวัยเพื่อบรรลุเป้าหมายทางการเงิน ผลิตภัณฑ์ทางการเงิน การจัดการความเสี่ยง และการบริหารหนี้สิน",ผศ.ดร.ศรัณย์พร,1,ทุกกลุ่ม,35,,,,,,,,,,,,,,,✔,✔,,,,
ส30233,เศรษฐศาสตร์น่ารู้,1,2,ศึกษาเกี่ยวกับความรู้เศรษฐศาสตร์เบื้องต้น และประเด็นเศรษฐกิจที่พบเจอในชีวิตประจำวัน รวมถึงความรู้ด้านการทำธุรกิจเบื้องต้น เหมาะกับผู้ที่ต้องการเรียนต่อด้านเศรษฐศาสตร์ บริหารธุรกิจ การตลาด การเงิน ผู้ที่อยากมีธุรกิจเป็นของตนเอง และผู้สนใจเรื่องเศรษฐกิจ การเมือง และการทำธุรกิจ,"อ.ดร.พิเศษพร / 
อ.ศิริธร / 
อ.ชยวัฒน์",1,ทุกกลุ่ม,8,,,,,,,,,,,,,,,✔,✔,,,,
กลุ่มสาระการการเรียนรู้การงานอาชีพ,,,,,,,,,,,,,,,,,,,,,,,,,,,,
ง30258,การจัดการข้อมูลสู่แฟ้มสะสมผลงาน,1,2,การจัดการข้อมูล เพิ่มพูนทักษะสำคัญเพื่อสร้างผลงานที่โดดเด่น สู่การสร้างแฟ้มสะสมผลงานสำหรับการศึกษาต่อและสายอาชีพต่าง ๆ,อ.พริ้วฝน,1,ทุกกลุ่ม,18,,,,,,,,✔,✔,,,,,,,,,,,
ง30282,จริยธรรมทางธุรกิจสำหรับคลื่นรุ่นใหม่,1,2,ศึกษาถึงเรื่องความเป็นมา ความหมาย ปัญหาของจริยธรรมทางธุรกิจ และความรับผิดชอบต่อสังคมของธุรกิจ รวมถึงแนวพระราชดำริของพระบาทสมเด็จพระเจ้าอยู่หัวกับจรรยาบรรณในการบริหาร อีกทั้งแนวทางการป้องกันปัญหาทางจริยธรรมทางธุรกิจที่จะเกิดขึ้นในอนาคต เพื่อให้การดำเนินการของธุรกิจเป็นไปด้วยความเจริญก้าวหน้าอย่างยั่งยืน อีกทั้งเป็นประโยชน์ต่อการอาชีพและสังคมในอนาคต,อ.อุษาสุดา,1,ทุกกลุ่ม,25,,,,,,,,✔,✔,,,,,,,,,,,
ง30283,"นักสร้างแบรนด์ผ่าน
บรรจุภัณฑ์",1,2,"เรียนรู้และฝึกทักษะการเขียนแบบ และฝึกฝนพื้นฐานการมองภาพ 3 มิติ ร่วมกับการศึกษาความต้องการของผู้บริโภค 
การออกแบบและสร้างตราสินค้า ที่เหมาะสมกับแผนการตลาดและการสร้างแบรนด์ที่ตนเองได้กำหนด และการสร้างแคมเปญทางการตลาดในรูปแบบปกติและแบบดิจิทัล",อ.พริ้วฝน,1,ทุกกลุ่ม,25,,,,✔,✔,,,,,,,,,,,,,,,
ง30298,มันนีดีไซน์,1,2,"ศึกษาแนวคิดพื้นฐานเพื่อทำกิจกรรมการวางแผนและบริหารจัดการการเงินและสินทรัพย์การลงทุนในยุคดิจิทัล เพื่อมุ่งพัฒนาผู้เรียนให้มีทักษะในการคิดวิเคราะห์ คิดสร้างสรรค์ 
รวมถึงเจตคติที่ดีทางการเงินการลงทุน เพื่อนำไปใช้เป็นพื้นฐานในการบริหารทางการเงิน ตลอดจนการทำงานทางธุรกิจ หรือประยุกต์ในอาชีพต่าง ๆ",อ.อุษาสุดา,1,ทุกกลุ่ม,20,,,,,,,,,,,,,,,,,✔,✔,,
ง31268,รัก(ษ์)ไทย4,1,2,ศึกษางานประดิษฐ์แบบไทย โดยให้ผู้เรียนฝึกปฏิบัติงานประดิษฐ์แบบไทยๆ เช่น การทำของชำร่วยและของที่ระลึก เป็นต้น,อ.รัชดาวัลย์,1,ทุกกลุ่ม,20,,,,,,,,,,✔,✔,,,,,,,,,
ง30266,อิเล็กทรอนิกส์พื้นฐานสร้างสรรค์,1,2,ศึกษาความรู้เบื้องต้นเกี่ยวกับงานช่าง หลักการเลือกวัสดุ อุปกรณ์เครื่องมือช่าง การสร้างต้นแบบ ฝึกปฏิบัติการบัดกรี การสร้างแผ่นวงจรพิมพ์ การสร้างสรรค์ชิ้นงานอิเล็กทรอนิกส์ การออกแบบลายวงจร IoT และสมองกลฝังตัว เพื่อสร้างสรรค์โครงงานตามความสนใจโดยอาศัยการออกแบบเชิงวิศวกรรม,ผศ. ดร.นาถวดี,1,วิทย์-คณิต,20,,,,✔,✔,,,,,,,,,,,,,,,
ง30222,ถ่ายภาพและตัดต่อดิจิทัล,1,2,"ฝึกทักษะปฏิบัติผ่านกระบวนการคิดเชิงสร้างสรรค์ นำไปสู่
การสร้างผลงานที่ผ่านกระบวนการออกแบบ ได้เรียนรู้การใช้อุปกรณ์ถ่ายภาพ หลักการในการถ่ายภาพ การจัดองค์ประกอบภาพ",ผศ. ดร.นาถวดี,1,ทุกกลุ่ม,6,,,,,,,,,,,,,,,✔,✔,,,,
ง30289,ผลิตภัณฑ์เกษตร,1,2,"ศึกษากระบวนการนำผลผลิตทางการเกษตรมาผ่านระบบ
การจัดการให้เกิดเป็นผลิตภัณฑ์ที่เป็นประโยชน์ต่อการดำรงชีวิตโดยใช้เทคโนโลยีควบคู่กับภูมิปัญญาท้องถิ่น มีการผลิตตามแนวเกษตรผสมผสานมีความปลอดภัย ประหยัดและ
มีประสิทธิภาพ เป็นการเพิ่มมูลค่าให้กับสินค้าเกษตรและ
แก้ปัญหาผลผลิตล้นตลาด",อ.ทิพวัลย์,1,ทุกกลุ่ม,20,,,,,,,,,,,,,,,,,,,✔,✔
กลุ่มสาระการการเรียนรู้ศิลปะ,,,,,,,,,,,,,,,,,,,,,,,,,,,,
ศ31236,พื้นฐานการออกแบบทั่วไป,1,2,"ศึกษาวิธีการเรียนรู้ การคิด การสร้างสรรค์ ทักษะพื้นฐาน
ด้านทัศนศิลป์หรือการออกแบบ ผลงาน ปรับปรุงผลงาน ประยุกต์ใช้ และพัฒนาผลงานจนทัศนศิลป์หรือการออกแบบผลงานให้มีลักษณะเฉพาะบุคคล",อ.อัฐพล,1,ทุกกลุ่ม,20,มีค่าใช้จ่ายสำหรับอุปกรณ์ไม่เกิน 500 บาท,,,,,,,,,,,,,,,,,,✔,✔
ศ31222,เปิดโลกทัศน์ดนตรี,1,2,"ศึกษาลักษณะและรูปแบบดนตรีในวัฒนธรรมต่าง ๆ ตลอดจนวิเคราะห์เชื่อมโยงไปยังปัจจัย ทางด้านสังคม วิถีชีวิต ความเชื่อ ที่ทำให้เกิดการสร้างสรรค์ดนตรีในวัฒนธรรมต่าง ๆ เข้าใจและเห็น คุณค่าของความแตกต่างทางวัฒนธรรมดนตรีสังคม วัฒนธรรม วิถีชีวิต ความเชื่อ ของผู้อื่น โดยผ่านกระบวนการเรียนรู้ดนตรีเพื่อเปิดมุมมองทางด้านดนตรีและวัฒนธรรม
ที่หลากหลาย",อ.ภูวิศ,1,ทุกกลุ่ม,30,,,,,,,,,,,,,,,,,,,✔,✔
ศ30239,ปฏิบัติการวงดนตรีเชมเบอร์ 2,1,2,"การปฏิบัติเครื่องดนตรีที่ใช้ในวงโยธวาทิต การบรรเลงรวมวง และการบรรเลงเดินแถว และบรรเลงบทเพลงที่ใช้งานจริงในกิจกรรมต่าง ๆ ของโรงเรียน การบรรเลงวงแชมเบอร์มิวสิก
ขั้นเบื้องต้น",อ.สุปัฏฐ์,1,ทุกกลุ่ม,10,"เฉพาะนักเรียนวงโยธวาทิต
ที่ผ่าน
การคัดเลือก",,,,,,,,,,,,,,✔,✔,,,,
ศ30241,ปฏิบัติการวงดนตรีเชมเบอร์ 4,,,,อ.สุปัฏฐ์,1,ทุกกลุ่ม,10,,,,,,,,,,,,,,,✔,✔,,,,
ศ30243,ปฏิบัติการวงดนตรีเชมเบอร์ 6,,,,อ.สุปัฏฐ์,1,ทุกกลุ่ม,10,,,,,,,,,,,,,,,✔,✔,,,,
ศ31234,ทักษะศิลปะตามถนัด 2,1,2,"ศึกษาและเรียนรู้พื้นฐานทางศิลปะ และนำความรู้ที่ได้ไปประยุกต์สร้างสรรค์ผลงานศิลปะตามความถนัดและความสนใจของตนเอง ทั้งการสร้างสรรค์งานจิตรกรรม ประติมากรรม 
ภาพพิมพ์ งานออกแบบและการสร้างสรรค์งานศิลปะดิจิทัล 
ในรูปแบบที่หลากหลาย",อ.อัฐพล,1,ทุกกลุ่ม,7,"มีค่าใช้จ่ายสำหรับอุปกรณ์ 500-1,000 บาท",,,,,,,,,,,,,,✔,✔,,,,
ศ31234,ทักษะศิลปะตามถนัด 2,1,2,"ศึกษาและเรียนรู้พื้นฐานทางศิลปะ และนำความรู้ที่ได้ไปประยุกต์สร้างสรรค์ผลงานศิลปะตามความถนัดและความสนใจของตนเอง ทั้งการสร้างสรรค์งานจิตรกรรม ประติมากรรม 
ภาพพิมพ์ งานออกแบบและการสร้างสรรค์งานศิลปะดิจิทัล 
ในรูปแบบที่หลากหลาย",อ.วนาลี,2,ทุกกลุ่ม,7,ต้องมีคอมพิวเตอร์พกพา หรือ iPad,,,,,,,,,,,,,,✔,✔,,,,
ศ30235,การปฏิบัติกลองไทยสร้างสรรค์,1,2,"ศึกษาเกี่ยวกับการบรรเลงเครื่องหนังไทยศึกษาหน้าทับพื้นฐานและหน้าทับพิเศษ ได้แก่ ลาว, พม่า, เขมร แขก, มอญ, ตะลุง และจีนการบรรเลงเพลงสำเนียงต่าง ๆ และแนวทางหลักการสร้างสรรค์หน้าทับกลองผ่านกระบวนเรียนรู้จากการสาธิตและการเรียนรู้แบบมีส่วนร่วมเพื่อให้นักเรียนได้รับประสบการณ์จริงคิดสร้างสรรค์รูปแบบการบรรเลงกลองสำหรับประกอบ
การแสดง และการนำไปประยุกต์",อ.ภูวิศ,1,ทุกกลุ่ม,2,,,,,,,,,,,,,,,✔,✔,,,,
ศ30249,"การปฏิบัติกลองไทย
สร้างสรรค์ 2",,,,อ.ภูวิศ,1,ทุกกลุ่ม,2,,,,,,,,,,,,,,,✔,✔,,,,
ศ30253,"การปฏิบัติกลองไทย
สร้างสรรค์ 3",,,,อ.ภูวิศ,1,ทุกกลุ่ม,2,,,,,,,,,,,,,,,✔,✔,,,,
ศ30252,การถ่ายภาพเพื่อการโฆษณา,1,2,"ศึกษาพื้นฐานการถ่ายภาพเบื้องต้นในส่วนของเทคนิคกล้องและไฟ การเรียนรู้เรื่องแสงธรรมชาติ หลักการในการผสมแสง และการจัดองค์ประกอบของการถ่ายภาพแฟชั่นและภาพบุคคล 
ผ่านการปฎิบัติในโจทย์ต่างๆ","อ.สาธิต / 
อ.พิมพ์ฬวีร์ / 
อ.กัลยาวีรย์ / 
อ.จิตริณี",1,ทุกกลุ่ม,8,,,,,,,,,,,,,,,✔,✔,,,,
ศ30248,ทฤษฎีดนตรีสากล,1,2,ศึกษาทฤษฎีดนตรีสากลเบื้องต้น จังหวะ ทำนอง บันไดเสียง การอ่านโน๊ต และเครื่องหมายต่าง ๆ รวมไปถึงประวัติความเป็นมาของดนตรีสากลในมิติของต่างประเทศและในประเทศ ตั้งแต่ยุค Classic ถึงยุค Modern (ปัจจุบัน) นอกจากนี้ จะได้รู้จักเครื่องดนตรีแต่ละชนิด รวมไปถึงการพัฒนาทักษะการเล่นเครื่องดนตรีสากลเบื้องต้น  โดยจะได้ความรู้พื้นฐานเพื่อต่อยอดทฤษฎีดนตรีที่สูงขึ้นและพัฒนาทักษะการเล่นเครื่องดนตรีต่อไป,"อ.นที / 
อ.มนันท์สิญา / 
อ.ศรัณย์ / 
อ.ชัชกาญจ์",1,ทุกกลุ่ม,9,,,,,,,,,,,,,,,✔,✔,,,,
ศ31225,ความถนัดทางสถาปัตยกรรมศาสตร์ 1,1,2,"ฝึกและพัฒนาการวาดภาพด้วยมือเบื้องต้นซึ่งเป็นทักษะสำคัญของแต่ละบุคคลที่ใช้ในการสื่อสารด้วยภาพให้บุคคลอื่นได้เข้าใจ การฝึกฝนประกอบไปด้วยแบบฝึกหัดวาดด้วยมือ 
การสังเกตสัดส่วน การจัดวางองค์ประกอบภาพและวางมุมมองให้น่าสนใจ วิธีขึ้นรูปภาพ 3 มิติต่าง ๆ  การนำเสนองาน นอกจากนั้นยังสามารถวิเคราะห์หาแนวทางงานที่ตัวเองชอบเพื่อนำไปใช้ในการทำ Portfolio ต่อไปได้","อ.น้ำทิพย์ / 
อ.ปาลิดา",1,ทุกกลุ่ม,20,,,,,,,,,,,,,,,,,✔,✔,,
"กลุ่มสาระการการเรียนรู้สุขศึกษา
และพลศึกษา",,,,,,,,,,,,,,,,,,,,,,,,,,,,
พ31260,ธุรกิจท่องเที่ยวเพื่อสุขภาพ,1,2,"ศึกษาเกี่ยวกับประโยชน์ของการท่องเที่ยว ความนิยมคนไทยและชาวต่างชาติในการเลือกไปเที่ยวสถานที่ต่าง ๆ ที่เกี่ยวข้องกับการท่องเที่ยวทั้งในและต่างประเทศ จากนั้นศึกษาเชื่อมโยงให้การท่องเที่ยวเกิดการมีสุขภาวะที่ดี การนำพาตนเองเข้าไปสร้างรายได้ด้วยการท่องเที่ยว ทั้งในส่วนของการเป็น
ผู้ประกอบการ หรือเป็นผู้ที่เลือกทำงานทในองค์ธุรกิจการ
ท่องเที่ยวเพื่อสุขภาพที่มีความน่าเชื่อถือ",อ.สุพัฒน์พงศ์,1,ทุกกลุ่ม,10,,,,,,,,✔,✔,,,,,,,,,,,
พ31261,การนวดทางการกีฬา,1,2,เรียนรู้ประวัติความเป็นมา หลักการ วิธีการ ทักษะของวิธีการนวดทางการกีฬาเพื่อผ่อนคลายหรือกระตุ้นในทางการกีฬา,อ.ฮานาฟีย์,1,ทุกกลุ่ม,15,รับเฉพาะนักเรียนชาย,,,,,,,,,,,,,,,,✔,✔,,
พ31262,การจัดการแข่งขันกีฬา,1,2,"การจัดการแข่งขันกีฬา และวิธีการจัดการแข่งขันกีฬาแบบต่างๆ ทั้งแบบ Meet, พบกันหมด, แพ้คัดออก, ผสม, ท้าชิง
การดำเนินการจัดการหรือมีส่วนร่วมในการจัดการแข่งขัน 
กีฬาประเภทบุคคล และประเภททีม การจัดสถานที่ สนามแข่งขัน สิ่งอำนวยความสะดวก วัสดุอุปกรณ์ และการรักษาความปลอดภัย การประเมินผลการแข่งขันและแนวทางในการแก้ปัญหาที่เกิดจากการแข่งขันกีฬาในระดับต่าง ๆ ",อ.พชรพล,1,ทุกกลุ่ม,25,,,,✔,✔,,,,,,,,,,,,,,,
พ31252,การออกกำลังกายเพื่อสุขภาพ,1,2,"ศึกษาหลักการออกกำลังกายเพื่อพัฒนาสุขภาพของตนเอง ประเมินสมรรถภาพทางกายเพื่อสุขภาพ รวมทั้งวางแผน
การออกกำลังกายแบบ Cardio, Resistance Training, Flexibility Training เพื่อพัฒนาสุขภาพของตนเอง
อย่างเป็นระบบ",อ.ดร.ฐิติวัสส์,1,ทุกกลุ่ม,25,,,,,,,,,,,,,,,,,,,✔,✔
พ31251,"การเล่นฟุตบอลอาชีพ

(วิชาเปิดใหม่)",1,2,"การเรียนรู้เกี่ยวกับรูปแบบการเล่นฟุตบอล ประกอบไปด้วยแผนการเล่นฟุตบอล การเล่นเกมรุก การเล่นเกมรับ 
การสร้างสรรค์เกมจากแดนตนเอง และการสื่อสารกันภายในทีมที่อาศัยทักษะ",อ.พชรพล,1,ทุกกลุ่ม,25,,,,,,,,,,,,,,,✔,✔,,,,
พ31243,"ผู้ตัดสินกีฬาเปตอง

(ปิดรายวิชา)",1,2,การจัดการเรียนรู้เกี่ยวกับอุปกรณ์ สถานที่การจัดการแข่งขันตามมาตรฐานสนามแข่งขันและอุปกรณ์การแข่งขันตามกติกาของสหพันธ์เปตองนานาชาติ การตัดสินกีฬาเปตอง ระเบียบการจัดการแข่งขันเปตอง รวมไปถึงการฝึกปฏิบัติการจัดการแข่งขันในชั้นเรียน ตลอดจนมีความสามารถในการทำงานร่วมกับผู้อื่นได้เป็นอย่างดี มีน้ำใจนักนักกีฬา รู้แพ้ รู้ชนะ รู้อภัย และสามารถนำความรู้ไปปรับใช้ในชีวิตประจำวันได้เป็นอย่างดี,อ.พชรพล,1,ทุกกลุ่ม,25,,,,,,,,,,,,,,,✔,✔,,,,
พ31231,แบดมินตันเพื่อการแข่งขัน,1,2,"ความรู้ทั่วไปเกี่ยวกับประวัติและประโยชน์ของกีฬาแบดมินตัน ระเบียบ กติกา มารยาทและวิธีการเล่น การจับไม้ ทักษะการตีลูกหน้ามือ-หลังมือ การควบคุมบังคับทิศทางของลูก ทักษะ
การตบลูก การหยอด การตีลูกดาด การส่งลูก ทักษะ
การเล่นประเภทเดี่ยว ประเภทคู่ และประเภทคู่ผสม 
โดยมีจุดมุ่งหมายเพื่อให้นักเรียนสามารถแข่งขันได้",อ.ทินวัฒน์,1,ทุกกลุ่ม,25,,,,,,,,,,,,,,,,,,,✔,✔
พ31244,เซปักตะกร้อขั้นสูง,1,2,"ฝึกทักษะพื้นฐานของกีฬาเซปักตะกร้ออย่างเข้มข้น เพื่อให้
ผู้เรียนเกิดการพัฒนาในทักษะต่าง ๆ เช่น การเล่นลูกด้วยข้างเท้าด้าน หลังเท้า ศีรษะจนเกิดความชำนาญ และนำทักษะ
ดังกล่าวมาใช้ในการแข่งขันทีมด้วยความสนุกสนาน 
เกิดทัศนคติที่ดีในการเล่นกีฬาเซปักตะกร้อ",อ.ธนวิทย์,1,ทุกกลุ่ม,25,,,,✔,✔,,,,,,,,,,,,,,,
พ31268,โบกี้,1,2,"ลักษณะวิชามุ่งเน้นให้นักเรียนการฝึกปฏิบัติทักษะพื้นฐานกีฬากอล์ฟ เรียนรู้วิธีการฝึกซ้อมด้วยตนเอง  แนะนำการชม
การแข่งขัน ได้รับความสนุกสนานผ่านกิจกรรมกีฬากอล์ฟ และสามารถนำไปใช้ออกกำลังกายในชีวิตประจำวันได้",อ.ฉฏาธร,1,ทุกกลุ่ม,25,,,,,,,,,,,,,,,✔,✔,,,,
"กลุ่มสาระการการเรียนรู้ภาษา
ต่างประเทศ",,,,,,,,,,,,,,,,,,,,,,,,,,,,
อ31202,การอ่านภาษาอังกฤษ 2,1,2,"ฝึกทักษะการอ่านและการเขียนภาษาอังกฤษ โดยศึกษาพื้นฐานของโครงสร้างประโยค ชนิดของคำ หัวข้อ ย่อหน้า ความคิดหลัก ประโยคที่เป็นเหตุและผล การสรุป การเรียงลำดับเหตุการณ์ การเดาความหมายของคำศัพท์ที่ไม่คุ้นเคย ในหัวข้อเรื่องที่น่าสนใจ และเรียนรู้ความรู้สึกของตัวละครผ่านบทประพันธ์ของเช็คสเปียร์จากการอ่านหนังสือนอกเวลา 
และฝึกการเขียนบทละครเวที อีเมล จดหมาย และประกาศ",อ.กนก,1,ทุกกลุ่ม,35,,,,,,,,,,,,,,,,,✔,✔,,
,,,,,อ.ศศิธร,2,ทุกกลุ่ม,35,,,,,,✔,✔,,,,,,,,,,,,,
อ31220,"ทักษะการสื่อสาร
ภาษาอังกฤษ 2",0.5,1,ฝึกทักษะการใช้ภาษาอังกฤษเพื่อการสื่อสาร ทั้งการฟัง การพูด การเขียน และการนำเสนอความคิดเห็นในรูปแบบต่าง ๆ เช่น การนำเสนอหน้าชั้นเรียน การอภิปราย การพูดสุนทรพจน์สั้น ๆ การโต้วาที เป็นต้น โดยเรียนกับอาจารย์เจ้าของภาษา ผ่านการทำกิจกรรมเพื่อพัฒนาทักษะภาษาอังกฤษทั้ง 4 ด้านคือ Reading - Speaking - Writing - Listening อีกทั้งฝึกฝนให้นักเรียนมีความมั่นใจในการสื่อสารภาษาอังกฤษมากยิ่งขึ้น,"T.Supriya / 
อ.สุพิสัณห์",1,ทุกกลุ่ม,35,,,,,,,,,,,,,,✔,,,,,,
,,,,,"T.Supriya / 
อ.กนก",2,ทุกกลุ่ม,35,,,,,,✔,,,,,,,,,,,,,,
อ31232,ภาษาอังกฤษรีรัน 2,0.5,1,ภาษาอังกฤษเป็นภาษาสากลที่บุคคลต่างชาติต่างภาษาใช้ในการสื่อสารกัน หากนักเรียนได้รับการเสริมสร้างให้มีพื้นฐานความรู้ด้านคำศัพท์ สำนวนและไวยกรณ์ภาษาอังกฤษในระดับดี จะเป็นการส่งเสริมให้นักเรียนได้นำความรู้นั้นไปใช้ในทักษะฟัง พูด อ่านและเขียนภาษาอังกฤษได้ตรงจุดประสงค์และมีประสิทธิภาพ,อ.จารุภัทร,1,ศิลป์,35,,,,,,,,,,,,,✔,,,,,,,
อ31240,เชกสเปียร์ 101,1,2,"ทำความรู้จักเชกสเปียร์ กวีชาวอังกฤษยุคศตวรรษที่ 16 
ผ่านการอ่านกวีนิพนธ์เล็ก ๆ เช่น sonnets ไปจนถึงทดลองอ่านบทละครที่มีชื่อเสียง ทดลองแต่งคำพระพันธ์แบบ Shakespearean Sonnets และชมภาพยนตร์ที่เกี่ยวข้อง",อ.วราเดช,1,ทุกกลุ่ม,35,,,,,,,,,,,,,,,,,,,✔,✔
อ30235,ภาษาพา(ตะ)ลุยโลกกว้างทางอาชีพ 1,0.5,1,ศึกษาและเรียนรู้เรื่องราวต่าง ๆ จากประสบการณ์ตรงของอาชีพต่างๆ ที่กำลังเป็นที่นิยม โดยชี้ให้เห็นความสำคัญของการฝึกทักษะการใช้ภาษาอังกฤษเกี่ยวกับงานต่าง ๆ ผ่านคำศัพท์ สำนวน หรือ แนวคิดต่าง ๆ รวมถึงได้มีโอกาสแลกเปลี่ยนเรียนรู้จากประสบการณ์ตรงกับวิทยากรรับเชิญที่มีอาชีพและต้องใช้ภาษาต่าง ๆ ในการประกอบอาชีพจะทำให้นักเรียนสามารถเชื่อมโยงความรู้ไปประยุกต์ใช้ในบริบทอื่นต่อไปได้ในอนาคตได้,"อ.อภันตรี / 
อ.พิสันธนีย์",1,ทุกกลุ่ม,35,,,,,,,,,,,,✔,,,,,,,,
อ31233,พิชชิ่งปิ๊งไอเดีย,0.5,1,"ฝึกการระบุประเด็นปัญหาที่ต้องได้รับการแก้ไข ค้นหาวิธีการแก้ไขผ่านการวิเคราะห์ผลิตภัณฑ์ต่าง ๆ ในชีวิตประจำวัน 
สู่การนำเสนอขายผลิตภัณฑ์นั้น ๆ และสุดท้ายฝึกการนำเสนอผลงานนวัตกรรม (จริง✔สมมติ) ของตนเอง ฝึกการนำเสนอแบบ pitching ทั้งภาษาไทยและภาษาอังกฤษ",อ.วราเดช,1,ทุกกลุ่ม,35,,,,,,,✔,,,,,,,,,,,,,
ก31204,ภาษาเกาหลีขั้นต้น 2,1,2,สำหรับนักเรียนในทุกกลุ่มการเรียนที่มีพื้นฐานมาแล้วและมีความสนใจในภาษาเกาหลี การจัดการเรียนการสอนเพื่อเตรียมความพร้อมทางด้านทักษะภาษา ด้านวัฒนธรรมและวิชาการเพื่อนักเรียนที่สนใจศึกษาต่อระดับปริญญาตรีในต่างประเทศ การสอบวัดระดับภาษา หรือเพื่อให้ผู้เรียนมีคุณสมบัติเพิ่มเติมในด้านทักษะภาษาต่างประเทศ ที่ 3 หรือภาษาที่ 4 ต่อไป,อ.ฮเยริน,1,ทุกกลุ่ม,35,,,,,,,,✔,✔,,,,,,,,,,,
ฝ30232,ภาษาฝรั่งเศสเบื้องต้น 2,1,2,สำหรับนักเรียนในทุกกลุ่มการเรียนที่มีความสนใจในภาษาฝรั่งเศส การจัดการเรียนการสอนเพื่อเตรียมความพร้อมทางด้านทักษะภาษา ด้านวัฒนธรรมและวิชาการเพื่อนักเรียนที่สนใจศึกษาต่อระดับปริญญาตรีในต่างประเทศ การสอบวัดระดับภาษา หรือเพื่อให้ผู้เรียนมีคุณสมบัติเพิ่มเติมในด้านทักษะภาษาต่างประเทศที่ 3 หรือภาษาที่ 4 ต่อไป,อ.วิรัชวิชชา,1,ทุกกลุ่ม,10,"ไม่รับนักเรียนที่เรียนศิลป์ 
(ภาษา) ที่เป็นภาษาเดียวกับวิชานี้",,,,,,,,,,,,,,✔,✔,,,,
ฝ30234,ภาษาฝรั่งเศสเบื้องต้น 4,1,2,"สำหรับนักเรียนในทุกกลุ่มการเรียนที่มีพื้นฐานมาแล้ว 
การจัดการเรียนการสอนเพื่อเตรียมความพร้อมทางด้านทักษะภาษา ด้านวัฒนธรรมและวิชาการเพื่อนักเรียนที่สนใจศึกษาต่อระดับปริญญาตรีในต่างประเทศ การสอบวัดระดับภาษา หรือเพื่อให้ผู้เรียนมีคุณสมบัติเพิ่มเติมในด้านทักษะภาษา
ต่างประเทศที่ 3 หรือภาษาที่ 4 ต่อไป",อ.ณิชาภัทร,1,ทุกกลุ่ม,10,"ไม่รับนักเรียนที่เรียนศิลป์ 
(ภาษา) ที่เป็นภาษาเดียวกับวิชานี้",,,,,,,,,,,,,,✔,✔,,,,
จ30234,ภาษาจีนเบื้องต้น 4,1,2,"สำหรับนักเรียนในทุกกลุ่มการเรียนที่มีพื้นฐานมาแล้ว และ
มีความสนใจในภาษาจีน การจัดการเรียนการสอนเพื่อเตรียมความพร้อมทางด้านทักษะภาษา ด้านวัฒนธรรมและวิชาการเพื่อนักเรียนที่สนใจศึกษาต่อระดับปริญญาตรีในต่างประเทศ การสอบวัดระดับภาษา หรือเพื่อให้ผู้เรียนมีคุณสมบัติเพิ่มเติมในด้านทักษะภาษาต่างประเทศ ที่ 3 หรือภาษาที่ 4 ต่อไป",อ.ถาน,1,ทุกกลุ่ม,10,"ไม่รับนักเรียนที่เรียนศิลป์ 
(ภาษา) ที่เป็นภาษาเดียวกับวิชานี้",,,,,,,,,,,,,,✔,✔,,,,
ย30232,ภาษาเยอรมันเบื้องต้น 2,1,2,"สำหรับนักเรียนในทุกกลุ่มการเรียนที่มีความสนใจในภาษาเยอรมัน การจัดการเรียนการสอนเพื่อเตรียมความพร้อม
ทางด้านทักษะภาษา ด้านวัฒนธรรมและวิชาการเพื่อนักเรียนที่สนใจศึกษาต่อระดับปริญญาตรีในต่างประเทศ 
การสอบวัดระดับภาษา หรือเพื่อให้ผู้เรียนมีคุณสมบัติเพิ่มเติมในด้านทักษะภาษาต่างประเทศที่ 3 หรือภาษาที่ 4 ต่อไป",อ.ณัฏฐริญา,1,ทุกกลุ่ม,10,"ไม่รับนักเรียนที่เรียนศิลป์ 
(ภาษา) ที่เป็นภาษาเดียวกับวิชานี้",,,,,,,,,,,,,,✔,✔,,,,
ย30211,"เปิดโลกภาษาเยอรมัน

(ปิดรายวิชา)",1,2,"สำหรับนักเรียนในทุกกลุ่มการเรียนที่มีพื้นฐานมาแล้ว และ
มีความสนใจในภาษาเยอรมัน การจัดการเรียนการสอนเพื่อเตรียมความพร้อมทางด้านทักษะภาษา ด้านวัฒนธรรมและวิชาการเพื่อนักเรียนที่สนใจศึกษาต่อระดับปริญญาตรีในต่างประเทศ การสอบวัดระดับภาษา",ผศ. รัตนา,1,ทุกกลุ่ม,10,"ไม่รับนักเรียนที่เรียนศิลป์ 
(ภาษา) ที่เป็นภาษาเดียวกับวิชานี้",,,,,,,,,,,,,,✔,✔,,,,
ญ30232,ภาษาญี่ปุ่นเบื้องต้น 2,1,2,สำหรับนักเรียนในทุกกลุ่มการเรียนที่มีความสนใจในภาษ ญี่ปุ่นการจัดการเรียนการสอนเพื่อเตรียมความพร้อมทางด้านทักษะภาษา ด้านวัฒนธรรมและวิชาการเพื่อนักเรียนที่สนใจศึกษาต่อระดับปริญญาตรีในต่างประเทศ การสอบวัดระดับภาษา หรือเพื่อให้ผู้เรียนมีคุณสมบัติเพิ่มเติมในด้านทักษะภาษาต่างประเทศ,อ.ดร.กวิตา,1,ทุกกลุ่ม,10,"ไม่รับนักเรียนที่เรียนศิลป์ 
(ภาษา) ที่เป็นภาษาเดียวกับวิชานี้",,,,,,,,,,,,,,✔,✔,,,,
ญ30234,ภาษาญี่ปุ่นเบื้องต้น 4,1,2,"สำหรับนักเรียนในทุกกลุ่มการเรียนที่มีพื้นฐานมาแล้วและ
มีความสนใจในภาษา ญี่ปุ่น การจัดการเรียนการสอนเพื่อเตรียมความพร้อมทางด้านทักษะภาษา ด้านวัฒนธรรมและวิชาการเพื่อนักเรียนที่สนใจศึกษาต่อระดับปริญญาตรีในต่างประเทศ การสอบวัดระดับภาษา หรือเพื่อให้ผู้เรียนมีคุณสมบัติเพิ่มเติมในด้านทักษะภาษาต่างประเทศ ที่ 3 หรือภาษาที่ 4 ต่อไป",อ.ทาเคชิ,1,ทุกกลุ่ม,10,"ไม่รับนักเรียนที่เรียนศิลป์ 
(ภาษา) ที่เป็นภาษาเดียวกับวิชานี้",,,,,,,,,,,,,,✔,✔,,,,
ก30211,ภาษาเกาหลีคาจา 2,1,2,สำหรับนักเรียนในทุกกลุ่มการเรียนที่มีความสนใจในภาษาเกาหลีเบื้องต้น เพื่อเตรียมความพร้อมทางด้านทักษะภาษา และด้านวัฒนธรรมหรือเพื่อให้ผู้เรียนมีคุณสมบัติเพิ่มเติมในด้านทักษะภาษาต่างประเทศ ที่ 3 หรือภาษาที่ 4 ต่อไป,อ.ฮเยริน,1,ทุกกลุ่ม,11,,,,,,,,,,,,,,,✔,✔,,,,
ป30221,"วัฒนธรรมสเปนและลาติน
อเมริกา",1,2,ศึกษาวัฒนธรรมของกลุ่มประเทศผู้ใช้ภาษาสเปน เพื่อเพิ่มพูนความรู้ทางประวัติศาสตร์ ความรู้รอบตัว และวัฒนธรรมต่าง ๆ ผ่านสื่อปัจจุบัน เช่น เพลง กีฬา ภาพยนตร์ ฯลฯ,อ.เบญจมาศ,1,ทุกกลุ่ม,9,,,,,,,,,,,,,,,✔,✔,,,,
ฝ31202,ภาษาฝรั่งเศส 2,3,6,"พัฒนาทักษะภาษาฝรั่งเศสทั้งการฟัง พูด อ่าน และเขียน เพื่อใช้สื่อสารในชีวิตประจำวันได้อย่างเหมาะสมกับวัฒนธรรมฝรั่งเศส ฝึกการสนทนาในสถานการณ์ต่าง ๆ เช่น การทักทาย 
การแนะนำตนเอง และการทำงานร่วมกัน เพื่อให้สามารถใช้ภาษาในระดับ A1 ตามกรอบ CEFR ได้อย่างถูกต้อง","อ.ณิชาภัทร / 
อ.วิรัชวิชชา",1,ศิลป์,2,เฉพาะนักเรียน ศิลป์-ภาษา,✔,✔,,,,,✔,✔,,,✔,✔,,,,,,,
ย31202,ภาษาเยอรมัน 2,3,6,เรียนรู้คำศัพท์และประโยคภาษาเยอรมันที่ใช้ในชีวิตประจำวัน พร้อมฝึกทักษะการฟัง พูด อ่าน และเขียนเกี่ยวกับตนเอง ครอบครัว และสิ่งรอบตัว เพื่อนำไปใช้สื่อสารได้อย่างเหมาะสมกับวัฒนธรรมและมารยาทของชาวเยอรมัน รวมถึงคุณค่าของการเรียนภาษา,อ.ณัฏฐริญา,1,ศิลป์,2,เฉพาะนักเรียน ศิลป์-ภาษา,✔,✔,,,,,✔,✔,,,✔,✔,,,,,,,
จ31202,ภาษาจีน 2,3,6,พัฒนาทักษะภาษาจีนเบื้องต้น การออกเสียงพยัญชนะ สระ และวรรณยุกต์ในระบบ Hanyu Pinyin รวมถึงการฟัง พูด อ่าน เขียนตัวอักษรจีน การใช้ภาษาจีนในสถานการณ์ต่าง ๆ เช่น การแนะนำตนเองและการตั้งคำถาม เพื่อส่งเสริมให้ผู้เรียนใช้ภาษาได้อย่างสร้างสรรค์และเข้าใจความเหมือน-ต่างระหว่างวัฒนธรรมไทย-จีน,อ.ชัญญภัค,1,ศิลป์,6,เฉพาะนักเรียน ศิลป์-ภาษา,✔,✔,,,,,✔,✔,,,✔,✔,,,,,,,
ญ31202,ภาษาญี่ปุ่น 2,3,6,"เรียนรู้ภาษาญี่ปุ่นระดับ A1 ในหัวข้อพื้นฐาน เช่น การผันคำกริยา, การนับเลข, ครอบครัว และวันเดือนปี นอกจากนี้ยังได้เรียนรู้วัฒนธรรมญี่ปุ่นผ่านกิจกรรมที่ทำจริงและค้นคว้าด้วยตนเอง เพื่อให้สามารถสื่อสารภาษาญี่ปุ่นเบื้องต้นได้อย่างเข้าใจและมีทัศนคติที่ดี","อ.ทาเคชิ / 
อ.ดร.กวิตา",1,ศิลป์,4,เฉพาะนักเรียน ศิลป์-ภาษา,✔,✔,,,,,✔,✔,,,✔,✔,,,,,,,
กลุ่มกิจกรรมพัฒนาผู้เรียน,,,,,,,,,,,,,,,,,,,,,,,,,,,,
พ31211,ผู้นำค่ายพักแรม,1,2,เพื่อพัฒนาการเป็นผู้นำ และผู้ให้ความรู้ ความเข้าใจในเรื่องของค่ายพักแรม และกิจกรรมกลางแจ้ง กิจกรรมการท่องเที่ยวทัศนศึกษา สร้างเสริมประสบการณ์ชีวิต สร้างความประทับใจ ความซาบซึ้งในธรรมชาติ ศิลปวัฒนธรรม ประเพณี วิถีชีวิตของชุมชนและสังคมในลักษณะต่าง ๆ,อ.ชวลิต,1,ทุกกลุ่ม,25,,,,,,,,,,,,,,,✔,✔,,,,
พ31205,"แคมป์ปิ้งและกิจกรรม
กลางแจ้ง",1,2,"เพื่อให้นักเรียนได้ทราบและมีความเข้าใจ ในขบวนการจัดค่ายพักแรมประเภทต่าง ๆ การบริหารและจัดการค่ายประเภทต่างๆ และการจัดกิจกรรมกลางแจ้ง กิจกรรมการท่องเที่ยวทัศนศึกษา สร้างเสริมประสบการณ์ชีวิต สร้างความประทับใจ 
ความซาบซึ้งในธรรมชาติ ศิลปะวัฒนะธรรม ประเพณี วิถีชีวิตของชุมชนและสังคมในลักษณะต่าง ๆ ของประเทศไทย",อ.ชวลิต,1,ทุกกลุ่ม,25,,,,,,,,,,✔,✔,,,,,,,,,